Title,Date,Content,Category,URL
Said Tegaskan Posisi PDIP sebagai Partai Penyeimbang Pemerintah,"Kamis, 18 Jun 2026 20:01 WIB","PDI-Perjuangan menegaskan bahwa posisinya sebagai partai penyeimbang sesuai dengan keputusan dalam Rapat Kerja Nasional (Rakernas) partai. Hal ini disampaikan Ketua DPP PDIP Said Abdullah. Menurut Said, PDIP sebagai partai penyeimbang berbeda dengan sistem oposisi yang lazim diterapkan di sejumlah negara Barat. ""PDI Perjuangantelah memutuskan bahwa PDI Perjuangan berposisi sebagai Partai penyeimbang. Sikap ini bukan sikap abu abu. Kita tidak bisa membandingkan dengan negara negara barat, yang menjalankan sistem oposisi,"" kata Said dalam keterangannya, Kamis (18/6). Said melanjutkan, Ketua Umum PDIP Megawati Soekarnoputri sebelumnya telah menegaskan bahwa posisi penyeimbang mengharuskan partai bersikap objektif dalam menilai kinerja pemerintah. ""Artinya kalau pemerintah kinerja dan kebijakannya bagus untuk rakyat, sudah seharusnya bagi PDI Perjuangan memberikan dukungan hingga 2029, meskipun PDI Perjuangan tidak mendapatkan manfaat elektoral dari kinerja bagus tersebut,"" ujar Said. Sebaliknya, lanjut Said, apabila kebijakan dan kinerja pemerintah kurang optimal, PDIP menyatakan akan menyampaikan kritik dan masukan secara konstruktif. ""Dan dalam posisi seperti ini belum tentu juga kami mendapatkan keuntungan elektoral,"" ujarnya. Dalam kesempatan ini Said melanjutkan, sebagai partai penyeimbang PDIP menginginkan Presiden Prabowo dapat menjalankan pemerintahan dengan baik hingga akhir masa jabatannya sesuai konstitusi. ""Sebagai penyeimbang PDI Perjuangan menginginkan Presiden Prabowo bisa berkhidmat dengan baik hingga 2029 sesuai aturan main yang digariskan konstitusi kita. Berbeda dengan pilihan jika mengambil sikap oposisi. Oposisi itu kehendak politiknya berlawanan total dengan pemerintahan berkuasa. Sikap oposisi lebih menempuh jalan untuk menunjukkan kelemahan dan kekurangan pemerintahan agar mendapatkan dampak negatif elektoral,"" lanjutnya. Menurut Said, Prabowo sendiri sangat memahami sikap dan pilihan politik yang ditempuh oleh PDI-Perjuangan. Bahkan Prabowo menyatakan terima kasih atas sikap itu, dan menganggapnya sebagai teman yang lebih jujur. ""Bapak Presiden sangat sadar bahwa tidak semua pujian itu baik, melebih lebihkan pujian ibarat teman malah bisa mengaburkan sikap obyektivitas yang malah diperlukan oleh Bapak Presiden,"" kata Said.",Info Politik,https://www.cnnindonesia.com/nasional/20260618193337-633-1370596/said-tegaskan-posisi-pdip-sebagai-partai-penyeimbang-pemerintah
Dasco Dukung Putusan MK Terkait Keterwakilan 30 Persen Caleg Perempuan,"Rabu, 27 Mei 2026 11:46 WIB","Wakil Ketua DPR RI Sufmi Dasco Ahmad menyatakan dukungannya terhadap putusan Mahkamah Konstitusi (MK) terkait sanksi bagi partai politik (parpol) yang tidak memenuhi syarat keterwakilan 30 persen perempuan dalam pemilihan legislatif (pileg). ""Kita mendukung adanya syarat tersebut,"" kata Dasco di Kompleks Parlemen, Jakarta, Selasa (26/5). Dasco menilai, pemenuhan kuota 30 persen keterwakilan perempuan bukan hal yang sulit bagi partai politik. Ia meyakini masih banyak perempuan yang memiliki kapasitas, integritas, dan mampu terjun ke dunia politik. ""Kita pikir tentunya masih banyak perempuan yang mempunyai kapasitas yang sebenarnya sudah banyak contohnya yang dapat diandalkan untuk memenuhi kuota perempuan tersebut untuk menjadi legislatif, baik di tingkat kabupaten/kota, provinsi, maupun DPR RI,"" kata Lebih lanjut, Ketua Harian Partai Gerindra itu menekankan bila putusan MK bersifat final dan mengikat. Menurutnya, putusan MK tersebut mencerminkan keberpihakan terhadap perempuan. Dasco bahkan menyebut putusan MK menjadi penguat syarat 30 persen keterwakilan perempuan yang telah berlaku dalam beberapa pemilu terakhir. DPR RI memastikan aturan syarat 30 persen keterwakilan perempuan pada pileg itu akan dimasukkan ke draf revisi Undang-Undang Pemilu. ""Kalau putusan MK itu kan final dan mengikat. Jadi, saya pikir, nanti kita akan masukkan ke dalam revisi Undang-Undang Pemilu,"" kata Dasco. Sebelumnya, MK memutuskan bahwa parol yang tidak memenuhi syarat keterwakilan perempuan paling sedikit 30 persen pada pemilu legislatif dicoret keikustertaannya dari kontestasi. MK menyatakan Pasal 245 Undang-Undang Pemilu yang tidak menentukan sanksi apabila partai politik tidak memenuhi syarat keterwakilan perempuan bertentangan dengan prinsip-prinsip yang diatur konstitusi, di antaranya kedaulatan rakyat, pemilu yang jujur dan adil, serta kepastian hukum.",Info Politik,https://www.cnnindonesia.com/nasional/20260527113618-633-1362795/dasco-dukung-putusan-mk-terkait-keterwakilan-30-persen-caleg-perempuan
Putri Zulhas: Pesan Presiden Soal SDA Perkuat Ekonomi Kerakyatan,"Rabu, 20 Mei 2026 17:36 WIB","Para Wakil Ketua Komisi XII DPR RI menyatakan dukungann terhadap pidato Presiden Prabowo Subianto dalam Rapat Paripurna DPR RI ke-19 mengenai Kerangka Ekonomi Makro (KEM) dan Pokok-Pokok Kebijakan Fiskal (PPKF) RAPBN 2027. Saat itu, Presiden menegaskan bahwa kekayaan sumber daya alam (SDA) Indonesia harus benar-benar dapat dinikmati oleh seluruh rakyat Indonesia. Prabowo juga menekankan amanat konstitusi bahwa bumi, air, dan seluruh kekayaan alam yang terkandung di dalamnya harus dipergunakan sebesar-besarnya untuk kemakmuran rakyat. Salah satu Wakil Ketua Komisi XII DPR RI, Putri Zulkifli Hasan menilai bahwa arah kebijakan pemerintah dalam tata kelola sumber daya alam (SDA) perlu terus diperkuat agar manfaat ekonomi tidak hanya berhenti pada sektor hulu, tetapi juga mampu menciptakan nilai tambah, memperkuat industri nasional, dan meningkatkan kesejahteraan masyarakat. ""Pesan Presiden sangat jelas, bahwa pengelolaan sumber daya alam harus benar-benar menghadirkan manfaat nyata bagi rakyat Indonesia. Karena itu, tata kelola ekspor komoditas SDA, hilirisasi, dan penguatan industri dalam negeri menjadi sangat penting,"" ujar Putri. Lebih jauh, Putri menyoroti pernyataan Presiden terkait keberhasilan investasi yang disebut telah menciptakan sekitar 2,7 juta lapangan kerja. Menurutnya, capaian tersebut harus dijaga melalui kebijakan ekonomi yang berpihak pada rakyat dan mendorong pemerataan manfaat pembangunan. ""Investasi harus terus didorong, tetapi orientasinya harus tetap pada penciptaan lapangan kerja, penguatan industri nasional, serta peningkatan kesejahteraan masyarakat,"" katanya. Putri juga menyatakan menyambut baik komitmen pemerintah dalam pengembangan energi baru dan terbarukan, termasuk penguatan energi surya sebagai bagian dari transformasi energi nasional menuju kemandirian energi yang berkelanjutan. Sebagai pimpinan Komisi XII DPR RI yang membidangi energi, lingkungan hidup, investasi, dan hilirisasi, Putri menegaskan bahwa DPR RI akan terus mengawal berbagai kebijakan strategis agar pembangunan ekonomi Indonesia berjalan secara berkelanjutan dan tetap berpihak pada kepentingan rakyat. ""Ekonomi Indonesia harus bertumpu pada kepentingan nasional dan kesejahteraan rakyat. Kolaborasi antara pemerintah, DPR, dunia usaha, dan seluruh pemangku kepentingan menjadi kunci untuk mewujudkan pembangunan Indonesia yang adil, mandiri, dan berkelanjutan,"" pungkas Putri.",Info Politik,https://www.cnnindonesia.com/nasional/20260520171323-633-1360496/putri-zulhas-pesan-presiden-soal-sda-perkuat-ekonomi-kerakyatan
"Dukung Hak Pendidikan Anak, Rajiv Salurkan 50 PIP untuk ABK di Lembang","Jumat, 08 Mei 2026 19:14 WIB","Anggota DPR RI, Rajiv disambut suasana hangat saat bersilaturahmi dengan para siswa, guru, dan orang tua murid di SLB ABC YPLAB, Lembang, Kabupaten Bandung Barat, di sela-sela masa reses. Kunjungan ini menjadi momen penuh makna, karena Rajiv turut menyalurkan 50 Program Indonesia Pintar atau PIP bagi siswa-siswi di sekolah tersebut. ""Pendidikan bukan hanya hak segelintir anak, melainkan hak seluruh anak bangsa. Bantuan ini diharapkan dapat meringankan kebutuhan pendidikan sekaligus menambah semangat belajar anak-anak berkebutuhan khusus "" ujar Rajiv pada Jumat (8/5). Seakan tanpa jarak, Rajiv terlihat berinteraksi langsung dengan para siswa dengan menyapa, berbincang, dan melihat dari dekat kegembiraan anak-anak ttap menikmati masa sekolah. Ia mengaku berbahagia dapat bertemu langsung dan menyaksikan proses belajar, bermain, dan tumbuh siswa-siswi. ""Untuk anak-anakku di SLB ABC YPLAB, senang rasanya hari ini kita bisa bertemu langsung. Melihat kalian menikmati masa sekolah, belajar, bermain, dan tumbuh penuh semangat sebagaimana anak-anak lainnya,"" kata Rajiv. Rajiv juga memberikan apresiasi khusus kepada para orang tua murid. Ia menilai, mendampingi anak berkebutuhan khusus membutuhkan kekuatan hati, kesabaran, dan ketulusan yang besar. ""Teruntuk para orang tua murid, kalian adalah orang tua-orang tua hebat yang terus mendampingi, menguatkan, dan memperjuangkan masa depan anak-anak dengan penuh kasih sayang dan ketulusan. Semoga setiap ikhtiar yang dilakukan menjadi jalan hadirnya masa depan yang lebih baik bagi putra-putri tercinta,"" ucapnya. Rajiv menegaskan, peran guru dan orang tua menjadi bagian penting dalam proses pendidikan anak-anak berkebutuhan khusus. Menurutnya, kesabaran harus berjalan bersama dengan keikhlasan. Dalam kesempatan yang sama, Rajiv juga merespons kebutuhan sekolah berupa kursi roda. Ia menyatakan siap membantu lebih dari jumlah yang diminta. ""Ibu kepala sekolah terkait permintaan kursi roda, jangan 4 kursi roda, besok saya kasih 5 kursi roda,"" pungkas Rajiv. Silaturahmi Rajiv ini turut menghadirkan pesan kemanusiaan, bahwa setiap anak memiliki hak yang sama untuk belajar, tumbuh, dan meraih masa depan. Bagi Rajiv, negara harus terus hadir mendukung pendidikan yang inklusif, terutama bagi anak-anak yang membutuhkan perhatian dan dukungan lebih.",Info Politik,https://www.cnnindonesia.com/nasional/20260508191133-633-1356711/dukung-hak-pendidikan-anak-rajiv-salurkan-50-pip-untuk-abk-di-lembang
Rajiv Puji Mentan Amran Berhasil Swasembada Beras Lebih Cepat,"Senin, 27 Apr 2026 19:11 WIB","Anggota Komisi IV DPR RI, Rajiv, mengapresiasi capaian sektor pertanian nasional setelah cadangan beras Indonesia dilaporkan meningkat hingga 5,1 juta ton. Rajiv menilai Menteri Pertanian Andi Amran Sulaiman telah menunjukkan kesungguhan dalam menjalankan tugas sehingga target swasembada beras dapat dicapai lebih cepat dari rencana awal. ""Presiden Prabowo, ngasih target 4 tahun tahun swasembada beras, tapi menteri Amran hanya membutuhkan waktu 1,5 tahun untuk mewujudkannya. Ini luar biasa,"" kata Rajiv dalam keterangan tertulis, Senin (27/4). Rajiv juga menyoroti peningkatan produksi beras nasional yang disebut melonjak sebesar 13,29 persen pada tahun lalu. Saat ini, produksi beras nasional disebut mencapai sekitar 5,7 juta ton per bulan. ""Dalam situasi global yang penuh ketidakpastian dan ancaman gangguan pangan, kita justru aman karena memiliki cadangan pangan yang berlimpah hingga 324 hari kedepan. Bahkan setiap bulan produksi beras kita mencapai 5,7 juta ton,"" ungkap politisi partai NasDem ini. Selain beras, Rajiv menilai Kementerian Pertanian menjalankan sejumlah program strategis lain yang dinilai progresif, seperti swasembada jagung dan gula, serta peningkatan produksi komoditas perkebunan seperti kopi dan kakao. Ia menyebut sejumlah program prioritas, antara lain perluasan areal tanam, optimalisasi lahan, penyediaan benih unggul, bantuan alat dan mesin pertanian (alsintan), subsidi pupuk, serta hilirisasi sektor perkebunan dan peternakan, mulai menunjukkan hasil nyata. Meski demikian, Rajiv mengingatkan Kementab agar tetap waspada terhadap potensi ancaman perubahan iklim, khususnya fenomena 'Goadzila' El Nino yang berpotensi menyebabkan kemarau panjang dan berdampak pada produksi pertanian. ""Semua prestasi pastinya akan diuji dengan kondisi yang selalu berubah, tahun ini Kementan harus siap dan tidak lengah menghadapi Godzilla El Nino berupa kemarau panjang juga lebih kering yang mengancam produksi pertanian kita,"" pungkas Rajiv.",Info Politik,https://www.cnnindonesia.com/nasional/20260427190127-633-1352676/rajiv-puji-mentan-amran-berhasil-swasembada-beras-lebih-cepat
PDIP Tetapkan Syaifuddin Zuhri Sebagai Ketua DPRD Surabaya,"Rabu, 22 Apr 2026 21:06 WIB","DPP PDI Perjuangan resmi menetapkan Syaifuddin Zuhri, yang akrab disapa Kaji Ipuk, sebagai Ketua DPRD Kota Surabaya periode 2024-2029, menggantikan Adi Sutarwijono yang telah berpulang. Hal tersebut disampaikan Ketua DPD PDI Perjuangan Jawa Timur, Said Abdullah, dalam keterangannya, Rabu (22/4). Menurutnya, keputusan itu merupakan hak politik PDIP sebagai partai pemenang di DPRD Surabaya. ""DPP PDI Perjuangan memang telah memutuskan dan menetapkan Saudara Syaifudin Zuhri sebagai Ketua DPRD Kota Surabaya,"" kata Said. Lebih lanjut, Said meminta Syaifuddin Zuhri, yang saat ini menjabat Sekretaris DPC PDIP Surabaya, untuk membangun sinergi yang kuat antara legislatif dan eksekutif, khususnya bersama Wali Kota dan Wakil Wali Kota Surabaya. Sinergi tersebut dinilai penting untuk memastikan jalannya pemerintahan yang efektif dan responsif terhadap kebutuhan masyarakat. Ia juga menekankan bahwa amanah yang diberikan warga Surabaya kepada PDIP harus dijaga dengan penuh tanggung jawab. Menurutnya, Ketua DPRD yang baru harus mampu menjalankan fungsi kelembagaan secara aspiratif serta peka terhadap dinamika dan kebutuhan publik. ""Jaga amanah rakyat yang dititipkan melalui PDI Perjuangan di Surabaya. Jangan mempermalukan Partai dan kelembagaan DPRD Kota Surabaya yang terhormat. Jaga kehormatan itu sebaik mungkin,"" kata Said. Said dalam kesempatan ini mengatakan, sebagai kota terbesar kedua di Indonesia setelah Jakarta, Surabaya disebut sebagai etalase berbagai sektor, mulai dari ekonomi, perdagangan, pendidikan, kesehatan, hingga demokrasi. Karena itu, ia menegaskan bahwa tiga kader PDIP yang mendapat amanah sebagai Wali Kota, Wakil Wali Kota, dan Ketua DPRD harus mampu menangkap aspirasi masyarakat. ""Sekali lagi, DPP PDI Perjuangan telah memutuskan Saudara Syafudin Zuhri sebagai Ketua DPRD Kota Surabaya menggantikan Almarhum Saudara Adi Sutarwiyono, saya minta segenap jajaran Partai tegak lurus mengamankan keputusan DPP Partai. Dan membantu kepemimpinan di eksekutif dan legislatif di Kota Surabaya sukses,"" ujarnya. Di sisi lain, DPP dan DPD PDI Perjuangan Jawa Timur, lanjut Said, tetap membuka ruang evaluasi terhadap kinerja kader di Surabaya. ""Kami, di DPP dan DPD PDI Perjuangan Jawa Timur akan selalu membuka diri, mendengar koreksi dan evaluasi terhadap kinerja kader kader PDI Perjuangan di Surabaya, baik di eksekutif maupun legislatif, dan itu kami maknai sebagai kecintaan rakyat kepada PDI Perjuangan dan Kota Surabaya,"" kata Said.",Info Politik,https://www.cnnindonesia.com/nasional/20260422210249-633-1350973/pdip-tetapkan-syaifuddin-zuhri-sebagai-ketua-dprd-surabaya
Said Abdullah Terima Penghargaan PWI Jawa Timur di Puncak HPN 2026,"Jumat, 17 Apr 2026 13:48 WIB","Persatuan Wartawan Indonesia (PWI) Jawa Timur menggelar puncak peringatan Hari Pers Nasional (HPN) 2026. Acara tersebut berlangsung di Dyandra Convention Hall, Surabaya, Kamis, (15/4). Ketua Badan Anggaran DPR RI sekaligus Ketua DPD PDI Perjuangan Jawa Timur, Said Abdullah, menerima penghargaan khusus dari PWI Jawa Timur dalam kesempatan ini. Ia dinilai sebagai tokoh yang memiliki peran penting dalam menjaga kebijakan fiskal nasional agar tetap berpihak kepada rakyat. Ketua PWI Jawa Timur, Lutfi El Hakim, menyatakan bahwa Said Abdullah merupakan sosok sentral dalam stabilitas ekonomi saat ini. Penilaian ini didasarkan pada rekam jejaknya dalam memimpin pembahasan anggaran di tingkat pusat. ""Pak Said tokoh Madura, Ketua Banggar DPR yang kami nilai berperan penting menjaga kebijakan fiskal pro rakyat. Bersama Menkeu, beliau mampu menjaga fiskal tetap sehat di tengah tekanan ekonomi akibat kenaikan harga minyak, sehingga harga BBM tidak naik,"" ujarnya dalam keterangan tertulis, Jumat (17/4). PWI Jawa Timur memandang pencapaian ini sebagai kontribusi nyata bagi kesejahteraan masyarakat luas. Lutfi berharap Said tetap konsisten mengawal APBN yang mengutamakan kepentingan rakyat di masa mendatang. Merespons apresiasi tersebut, Said Abdullah menyambut penghargaan itu dengan rendah hati. Politisi asal Madura itu mengaku belum merasa layak atas apresiasi yang diterimanya. ""Saya berharap pers tetap menjadi pilar keempat demokrasi. Pers sebagai alat kontrol kekuasaan, baik kami di DPR, maupun terhadap jalannya pemerintahan, termasuk di pemerintahan daerah, agar selalu menjadi kekuatan pengingat, sehingga jalannya kekuasaan bisa benar benar memberi manfaat kepada rakyat,"" imbuh dia. Said juga memberikan ucapan selamat kepada seluruh pekerja media yang memperingati hari besar mereka. Ia menyebut jurnalisme sebagai sebuah profesi yang luhur dan memiliki dampak besar bagi peradaban. ""Melalui kerja pers lah publik seperti mendapat jendela untuk melihat dunia, teruslah obyektif, dan berpihak pada kebenaran,"" pungkasnya. Sebagai informasi, selain Said Abdullah PWI Jawa Timur juga memberikan penghargaan kepada beberapa tokoh lainnya. Salah satunya adalah Wali Kota Surabaya, Eri Cahyadi, yang juga kader PDI perjuangan. Eri dinilai berhasil membawa perubahan positif melalui berbagai inovasi pelayanan publik di Kota Surabaya. Kepemimpinan Eri dianggap sangat responsif dan progresif terhadap keluhan warga dan progresif dalam membangun infrastruktur kota.",Info Politik,https://www.cnnindonesia.com/nasional/20260417134357-633-1349128/said-abdullah-terima-penghargaan-pwi-jawa-timur-di-puncak-hpn-2026
"Anggota Fraksi PAN Tom Liwafa Raih Gelar Doktor UNAIR, Lulus Cumlaude","Minggu, 12 Apr 2026 19:41 WIB","Dr. Arizal Tom Liwafa, ST, MM, MH yang adalah Anggota DPR RI, resmi meraih gelar Doktor dalam bidang Pengembangan Sumber Daya Manusia (PSDM) dari Universitas Airlangga (Unair). Ia dikukuhkan dalam prosesi wisuda pada Sabtu (11/4) di Airlangga Convention Center (ACC), Kampus MERR-C. Gelar doktor itu diraih setelah menempuh masa pendidikan selama 3 tahun 8 bulan, dengan predikat cumlaude. Capaian ini menjadi bukti nyata konsistensi dan dedikasi Tom Liwafa dalam menyeimbangkan antara tanggung jawab sebagai wakil rakyat dan komitmen dalam dunia akademik. Bagi Tom Liwafa, pencapaian ini bukan sekadar gelar formal, melainkan wujud tanggung jawab moral untuk terus meningkatkan kapasitas diri demi memberikan kontribusi yang lebih luas bagi masyarakat. Di tengah kesibukannya sebagai anggota legislatif, ia tetap bertekad menyelesaikan pendidikan hingga jenjang tertinggi. Tom Liwafa mengungkapkan bahwa memilih belajar di Uanir karena reputasi akademik yang kuat, khususnya di Jawa Timur, serta lingkungan intelektual yang kompetitif. Ia juga menilai bahwa pengalaman akademik di bangku perkuliahan memberikan dampak signifikan terhadap perannya di dunia politik. Pola pikir yang lebih sistematis, kemampuan analisis yang tajam, serta ketepatan dalam merangkai diksi menjadi bekal penting dalam proses legislasi maupun diplomasi. ""Pendidikan mengajarkan kita untuk berpikir lebih bijaksana dan terstruktur. Selain itu, jejaring yang terbentuk di lingkungan kampus seperti Unair sangat luas dan strategis, khususnya bagi mereka yang ingin terjun ke dunia politik,"" kata Tom Liwafa. Lebih jauh, Tom Liwafa turut mendorong generasi muda untuk tetap menjadikan pendidikan sebagai prioritas utama. Menurutnya, latar belakang akademik merupakan fondasi penting dalam menghadapi berbagai tantangan dan kompetisi di masa depan. Sebagai bentuk implementasi nyata dari keilmuannya, Tom Liwafa berkomitmen untuk menghilirisasi hasil riset disertasinya yang berjudul Innovation Aesthetic for Sustainability Competence Advantage. Ia menegaskan bahwa hasil penelitian masih akan terus dikembangkan agar dapat bermanfaat untuk masyarakat luas. Langkah Tom Liwafa itu menunjukkanm bahwa riset akademik tidak hanya relevan di lingkungan kampus, tetapi juga berpotensi memberi dampak nyata bagi industri, kebijakan publik, serta peningkatan literasi nasional di masa depan.",Info Politik,https://www.cnnindonesia.com/nasional/20260412190129-633-1347130/anggota-fraksi-pan-tom-liwafa-raih-gelar-doktor-unair-lulus-cumlaude
"Banggar-Kepala BGN Rapat, Soroti Kendala MBG dan Penajaman Anggaran","Senin, 06 Apr 2026 17:15 WIB","Kepala Badan Gizi Nasional (BGN) Dadan Hindayana mendatangi Gedung DPR RI untuk bertemu dengan Badan Anggaran (Banggar) DPR RI guna membahas pelaksanaan program Makan Bergizi Gratis (MBG) yang saat ini tengah berjalan. Dadan tiba di Gedung Nusantara II, Kompleks Parlemen Senayan, Jakarta Pusat, Senin (6/4), sekitar pukul 11.00 WIB. Ia langsung memasuki ruang rapat Banggar tanpa memberikan keterangan kepada awak media. Ketua Banggar DPR RI Said Abdullah menjelaskan bahwa pertemuan tersebut bukan rapat tertutup, melainkan forum berbagi informasi antara pimpinan Banggar dan jajaran BGN untuk mengevaluasi pelaksanaan program MBG di lapangan. ""Bukan rapat tertutup, tadi itu kami bertemu dengan pimpinan Banggar. Forum sharing information dengan kepala BGN dan wakilnya. Yang dibahas kami ingin tahu sejauh mana pelaksanaan program MBG,"" kata Said dalam keterangan tertulisnya. Dalam pertemuan tersebut, Banggar mengakui masih terdapat sejumlah kendala dalam pelaksanaan program MBG. Namun, Said menegaskan bahwa Kepala BGN menyatakan komitmennya untuk memperbaiki tata kelola program tersebut. Menurutnya, sejumlah titik pelaksanaan program bahkan terpaksa dihentikan sementara karena tidak menjalankan prosedur operasional standar (SOP) sebagaimana ditetapkan. ""Kepala BGN punya komitmen untuk menyelesaikan pada aspek-aspek penegakan tata kelolanya,"" ujar Said. Ia menambahkan, terdapat beberapa Satuan Pelayanan Pemenuhan Gizi (SPPG) yang dicabut atau ditangguhkan operasionalnya karena pelanggaran prosedur. ""Bahkan Kepala BGN menyampaikan ada banyak titik koordinat yang dicabut kembali, kemudian ada yang disuspend karena tidak melaksanakan SOP sebagaimana mestinya,"" ujar Said. Selain membahas pelaksanaan program, Banggar juga menyoroti pentingnya sensitivitas fiskal di tengah dinamika ekonomi global, termasuk dampak konflik di kawasan Timur Tengah. Said menegaskan bahwa setiap lembaga pemerintah perlu berkoordinasi dengan Banggar terkait penyerapan anggaran serta melakukan penajaman prioritas belanja negara. ""Lakukan penajaman prioritas. Alhamdulillah dari BGN juga memberikan sumbangsih yang nyata bisa melakukan penajaman sampai Rp20 triliun. Itu saja,"" pungkasnya.",Info Politik,https://www.cnnindonesia.com/nasional/20260406170538-633-1344824/banggar-kepala-bgn-rapat-soroti-kendala-mbg-dan-penajaman-anggaran
"Pasokan Pangan Aman, Rajiv Minta Pemerintah Perbanyak Pasar Murah","Minggu, 15 Mar 2026 20:34 WIB","Anggota Komisi IV DPR RI Rajiv, menyatakan bahwa ketersediaan pangan, terutama 9 komoditas strategis dalam kondisi aman dan cukup menjelang Idulfitri 1447 Hijriah hingga sepekan setelah Lebaran. Secara khusus, ia meminta pemerintah mewaspadai kenaikan harga bahan pangan, seperti daging sapi yang saat ini melampaui harga acuan penjualan (HAP). ""Berdasarkan Data Pusat Informasi Harga Pangan Strategis Nasional sampai Minggu (15/3) pagi, harga daging sapi kualitas I di tingkat pedagang eceran nasional melebihi HAP dan mencapai Rp146.600 per kilogram (kg),"" kata Rajiv dalam siaran pers, Minggu (15/3). Rajiv mengatakan, berdasarkan Peraturan Badan Pangan Nasional Nomor 12 Tahun 2024, HAP daging sapi segar/chilled di tingkat konsumen ditetapkan sebesar Rp130 ribu per kilogram untuk paha depan, dan Rp140 ribu per kilogram untuk paha belakang. ""Lonjakan harga daging yang melewati acuan Rp 130.000-140.000/kg tersebut harus dibaca sebagai sinyal adanya kenaikan demand, persoalan distribusi, disparitas pasokan antardaerah, atau margin perdagangan yang berlebihan,"" ujar Anggota DPR RI asal dapil Jabar II itu. Menurut Rajiv, apabila harga komoditas tertentu melampaui HAP, maka kondisi tersebut tidak boleh dianggap wajar dan harus segera direspons untuk menekan lonjakan harga. ""Saya mendorong gerakan pasar murah diperbanyak, karena ini menjadi salah satu solusi cepat untuk mengendalikan harga-harga yang beranjak naik menjelang lebaran,"" katanya. Lebih lanjut, ia meminta masyarakat tidak khawatir karena kondisi pangan nasional sekarang tetap aman, tidak hanya menjelang Idulfitri tetapi juga setelah Lebaran, ""Masyarakat jangan khawatir, sejauh ini cadangan pangan kita cukup berlimpah. Bahkan saat ini neraca pangan 9 komoditas strategis kita hingga April 2026 dalam kondisi surplus,"" tutur Rajiv . Ia mengingatkan pemerintah untuk tidak lengah setelah Lebaran. Menurutnya, Pasokan nasional memang diproyeksikan aman, tetapi stabilitas harga dan kelancaran distribusi harus terus dijaga agar masyarakat tidak menghadapi beban yang lebih berat sesudah hari raya. Rajiv memastikan bahwa Komisi IV DPR RI akan terus mengawal kebijakan pangan agar keberhasilan pemerintah tidak hanya terlihat pada angka neraca nasional, tetapi benar-benar dirasakan oleh masyarakat di pasar-pasar tradisional dan pusat distribusi pangan di daerah.",Info Politik,https://www.cnnindonesia.com/nasional/20260315202449-633-1338342/pasokan-pangan-aman-rajiv-minta-pemerintah-perbanyak-pasar-murah
PAN DPR RI Berangkatkan 3.000 Pemudik Lewat Program Mudik Ceria 2026,"Minggu, 15 Mar 2026 13:50 WIB","Menyambut Idulfitri 1447 H, Fraksi Partai Amanat Nasional (PAN) DPR RI kembali menyelenggarakan program Mudik Ceria PAN 2026 dengan tagline ""Bantu Rakyat Mudik Gratis"", sebagai wujud kepedulian agar masyarakat dapat pulang ke kampung halaman dengan aman, nyaman, dan tanpa biaya. Pada tahun ini, Fraksi PAN DPR RI memberangkatkan sekitar 3.000 pemudik pulang ke berbagai provinsi di Indonesia. Program Mudik Ceria PAN 2026 tidak hanya menggunakan moda transportasi bus, tetapi juga kereta api yang memberikan alternatif perjalanan lebih nyaman dan efisien bagi masyarakat. Ketua Fraksi PAN DPR RI, Putri Zulkifli Hasan, menyampaikan bahwa program Mudik Ceria PAN merupakan bagian dari komitmen PAN untuk terus hadir bagi masyarakat, khususnya pada momen penting seperti Ramadan dan Idulfitri. ""Melalui program Mudik Ceria PAN dengan semangat Bantu Rakyat Mudik Gratis, kami ingin membantu masyarakat agar dapat pulang ke kampung halaman dengan lebih tenang, aman, dan nyaman untuk berkumpul bersama keluarga di Hari Raya,"" ujar Putri Zulkifli Hasan. Pada program mudik ini, Fraksi PAN DPR RI juga menyediakan berbagai fasilitas tambahan bagi para peserta. Fasilitas tersebut mencakup makanan untuk berbuka puasa selama perjalanan, kaos Mudik Ceria PAN, hingga kesempatan mengikuti doorprize. Program mudik gratis menjadi bagian dari serangkaian kegiatan Fraksi PAN DPR RI selama bulan Ramadan. Sebelumnya, Fraksi PAN DPR RI juga telah melaksanakan PANsar Murah Ramadan di sejumlah wilayah, yang menyediakan berbagai kebutuhan pokok dengan harga terjangkau. Putri Zulkifli Hasan berharap, program Mudik Ceria PAN dapat terus berkembang di tahun-tahun mendatang sehingga semakin banyak masyarakat yang dapat merasakan manfaatnya. ""Ke depan, kami berharap program Mudik Ceria PAN bisa menjangkau lebih banyak masyarakat dengan penambahan armada dan pilihan moda transportasi. Tidak hanya darat, tetapi juga laut maupun udara, sehingga semakin banyak masyarakat yang terbantu untuk bisa mudik dan berkumpul bersama keluarga,"" tuturnya. Putri menyampaikan harap agar beragam program Fraksi PAN DPR RI selama periode Ramadan dapat memberikan manfaat nyata bagi masyarakat, serta menghadirkan kebahagiaan bagi para pemudik yang akan merayakan Idulfitri bersama keluarga di kampung halaman masing-masing.",Info Politik,https://www.cnnindonesia.com/nasional/20260315132755-633-1338247/pan-dpr-ri-berangkatkan-3000-pemudik-lewat-program-mudik-ceria-2026
"Konflik Timur Tengah, Said Abdullah Minta Program Prioritas Dipertajam","Kamis, 12 Mar 2026 16:39 WIB","Ketua Badan Anggaran (Banggar) DPR RI, Said Abdullah menyampaikan bahwa ada sejumlah langkah antisipasi yang dapat dilakukan pemerintah di tengah konflik Timur Tengah saat ini. Salah satunya, terkait penajaman program prioritas yang mendesak dan tidak mendesak. Said mencontohkan, program yang dinilai belum terlalu mendesak yang perlu dilakukan penyisiran. Menurutnya, program tersebut bisa ditunda terlebih dahulu. ""Salah satunya yang tidak begitu mendesak, umpamanya, ya kalau pemerintah untuk tol dan sebagainya, ya mbok ditahan dulu. Toh faktanya tol itu juga tahunnya tahun jamak sehingga pemerintah bisa mempertebal kantong cadangan pemerintah. Untuk jaga-jaga,"" kata Said di Kompleks Parlemen DPR RI, Senayan, Jakarta, Kamis (12/3). Said berharap, pemerintah juga melakukan penajaman subsidi yang disorot masih kurang tepat sasaran. Ia menyebut subsidi untuk kelompok atas dan industri berpotensi jadi lemak terhadap APBN. ""Program yang tidak begitu mendesak bisa ditunda. Kemudian penajaman LPG 8,6 juta metrik ton per tahun kan naik terus tuh. Padahal kita tahu bersama, itu adalah berdasarkan undang-undang harus tertutup. Tapi dijual terbuka,"" ujarnya. ""Belum ada sistem, hanya berdasarkan DTSEN Data Terpadu Sosial Ekonomi. Seharusnya pakai fingerprint aja, klik. Atau lebih canggih pakai retina mata. Nah, itu saya yakin paling sekitar 5,5 maksimal,"" tambahnya. Merespons program prioritas nasional (PSN) seperti Makan Bergizi Gratis (MBG) hingga Koperasi Desa/Kelurahan Merah Putih (KDMP), Said menilai bahwa MBG dalam klaster mandatory pendidikan wajib, yang tak bisa ditawar. ""Kalau MBG dalam klaster mandatory anggaran pendidikan, itu wajib. Sudah enggak bisa ditawar. Namanya juga anggaran pendidikan, wajib dilaksanakan,"" kata Said. Pada saat bersamaan, ia mengingatkan bahwa perbaikan tata kelola MBG harus terus diawasi. Said berharap agar program MBG bisa terlaksana dengan baik. ""Bahwa di lapangan perlu perbaikan tata kelola, setuju. Tapi hukumnya wajib karena mandatory tadi, pendidikan ya,"" pungkasnya.",Info Politik,https://www.cnnindonesia.com/nasional/20260312162101-633-1337337/konflik-timur-tengah-said-abdullah-minta-program-prioritas-dipertajam
"PAN Bagi Sembako, Gelar Pasar Murah dan Mudik Gratis di Ramadan 2026","Jumat, 06 Mar 2026 12:14 WIB","Persatuan Istri Anggota (PIA) DPR RI Fraksi Partai Amanat Nasional (PAN) membagikan 1.100 paket sembako untuk staf hingga petugas kebersihan yang bekerja di lingkungan DPR RI. Bantuan tersebut merupakan upaya PAN untuk berbagi kebahagiaan dengan sesama di momen Ramadan 2026. ""Hari ini kami rutin dari tahun ke tahun menyelenggarakan kegiatan berbagi di bulan suci Ramadan. Kurang lebih ada 1.100 paket sembako yang dibagikan untuk seluruh keluarga besar yang bekerja di lingkungan DPR RI, ada pula petugas kebersihan,"" kata Ketua Fraksi PAN DPR RI sekaligus Wakil Ketua Komisi XII DPR RI, Putri Zulkifli Hasan di Jakarta, Kamis (5/3). Putri menambahkan, PAN menyiapkan sejumlah program selama bulan Ramadan yang bisa dimanfaatkan oleh masyarakat, mulai kegiatan Pasar Murah hingga mudik bersama. Menurutnya, program yang dihadirkan itu sesuai dengan arahan Ketua Umum PAN Zulkifli Hasan (Zulhas). ""Jadi arahan dari Ketua Umum kami, anggota DPR dari Fraksi PAN diminta untuk turun langsung membantu masyarakat khususnya di bulan Suci Ramadan. Ada beberapa program, yang pertama program Pasar Murah yaitu tebus murah sembako yang dilakukan secara nasional nasional dari Aceh sampai Papua,"" tutur Putri. Ia menyebut, saat ini kegiatan masih terus berlangsung. Diperkirakan sebanyak puluhan ribu paket sembako telah dibagikan oleh seluruh anggota DPR RI dan fraksi PAN. Selain itu, juga akan digelar Mudik Ceria Bersama PAN yang dijadwalkan pada 15 Maret 2026 mendatang, dengan sekitar 3 ribu kuota. Perjalanan akan ditempuh menggunakan bus dan kereta api dengan 8 tujuan provinsi, serta 29 kabupaten/kota. ""Nanti semua biayanya akan ditanggung oleh fraksi PAN. Kebetulan kemarin sudah dibuka pendapatannya di media sosial fraksi PAN. Alhamdulillah satu jam itu sudah terisi semua kuotanya ini,"" pungkas Putri.",Info Politik,https://www.cnnindonesia.com/nasional/20260306121250-633-1334998/pan-bagi-sembako-gelar-pasar-murah-dan-mudik-gratis-di-ramadan-2026
"PAN: Pemerintah Siaga Dampak Konflik Global, Stok Energi Nasional Aman","Rabu, 04 Mar 2026 12:36 WIB","Ketua Fraksi PAN sekaligus Wakil Ketua Komisi XII DPR RI, Putri Zulkifli Hasan, mengapresiasi kesiapsiagaan pemerintah dalam mengantisipasi eskalasi konflik di Timur Tengah. Ia menilai langkah cepat pemerintah sangat krusial untuk mengamankan jalur perdagangan minyak dunia, terutama di Selat Hormuz yang menjadi titik vital distribusi global. Putri menyebut pernyataan Menko Perekonomian Airlangga Hartarto mengenai pasokan BBM yang aman menjadi sinyal positif bagi stabilitas ekonomi. Menurutnya, pemerintah telah memiliki skenario mitigasi yang matang, termasuk diversifikasi sumber impor energi. ""Langkah pemerintah memastikan cadangan energi tetap aman adalah sinyal positif. Adanya kerja sama strategis antara Pertamina dengan perusahaan global seperti Chevron dan ExxonMobil memastikan jalur suplai alternatif tetap terbuka jika terjadi gangguan distribusi dunia,"" ujar Putri dalam keterangannya, Rabu (4/3). Meski pasokan terjamin, Putri mengingatkan adanya tantangan besar dari sisi harga. Saat ini, harga minyak dunia telah menyentuh kisaran USD 80 per barel. Lonjakan ini berisiko menekan APBN, khususnya pada pos subsidi dan kompensasi energi. ""Tantangan utamanya bukan sekadar ketersediaan pasokan, tapi potensi lonjakan harga yang bisa menekan daya beli masyarakat jika tidak dikelola secara hati-hati,"" katanya. Lebih jauh, Putri menegaskan bahwa Fraksi PAN mendukung penuh langkah antisipatif pemerintah dalam menjaga keseimbangan antara kesehatan APBN dan perlindungan terhadap kelompok masyarakat rentan. Ia menekankan pentingnya akurasi data dalam setiap pengambilan kebijakan. Sebagai pimpinan Komisi XII, Putri memastikan pihaknya akan terus menjalankan fungsi pengawasan secara kolaboratif bersama Kementerian ESDM dan Pertamina. Tujuannya agar stok BBM nasional tetap terjaga dan strategi pengadaan berjalan efektif di tengah dinamika geopolitik. Di sisi lain, ia menilai situasi global saat ini harus menjadi momentum bagi Indonesia untuk memperkuat ketahanan energi melalui peningkatan lifting migas dan percepatan transisi energi terbarukan. ""Pemerintah telah menunjukkan kesiapsiagaan. Tugas kita bersama adalah memastikan stabilitas tetap terjaga dan rakyat tidak terbebani. PAN berdiri bersama pemerintah untuk menjaga energi nasional tetap aman sekaligus memastikan perlindungan terhadap daya beli masyarakat,"" tutup Putri.",Info Politik,https://www.cnnindonesia.com/nasional/20260304114950-633-1334164/pan-pemerintah-siaga-dampak-konflik-global-stok-energi-nasional-aman
Dede Indra Permana Desak Aparat Usut Kekerasan Seksual ABK di Toba,"Senin, 02 Mar 2026 20:06 WIB","Wakil Ketua Komisi III DPR RI Dede Indra Permana Soediro mendesak aparat penegak hukum untuk serius dan profesional menangani kasus dugaan kekerasan seksual terhadap seorang anak perempuan berusia 15 tahun yang memiliki keterbatasan mental di Desa Huta Namora, Kecamatan Lumban Julu, Kabupaten Toba, Sumatra Utara (Sumut). Desakan disampaikan Dede merespons sorotan publik terhadap penanganan kasus yang dinilai lamban, meskipun laporan telah disampaikan sejak Juni 2025. ""Kami di Komisi III DPR RI mengingatkan aparat penegak hukum agar benar-benar serius menangani kejahatan seksual, terlebih jika korbannya adalah anak dengan keterbatasan mental yang masuk kategori kelompok rentan,"" kata Dede dalam keterangannya di Jakarta, Senin (2/3). Legislator Fraksi PDI Perjuangan (PDIP) itu menegaskan bahwa prinsip penegakan hukum tidak hanya berorientasi pada penghukuman pelaku, tetapi juga harus menjamin perlindungan serta pemulihan hak-hak korban. Menurut Dede, dalam perkembangan hukum pidana nasional, pendekatan keadilan tidak semata berbasis pada pelaku, melainkan juga memastikan hadirnya keadilan rehabilitatif bagi korban, khususnya korban kekerasan seksual. ""Aparat harus mengusut tuntas kasus ini secara profesional, transparan, dan akuntabel. Jangan sampai korban justru tidak mendapatkan perlindungan dan keadilan yang semestinya,"" katanya. Dugaan tindak kekerasan seksual di Desa Huta Namora itu menjadi perhatian publik, karena proses penanganan yang dinilai lamban. Korban yang masih berstatus anak dan termasuk kelompok rentan diduga mengalami kekerasan seksual hingga hamil, dan telah melahirkan seorang bayi. Sebelumnya, informasi yang beredar menyebutkan bayi itu kini berusia sekitar dua bulan dan tengah menjalani perawatan intensif di Rumah Sakit Balige. Namun, terduga pelaku belum ditetapkan sebagai tersangka. Merespons dugaan mengenai kemungkinan adanya pengaruh pihak tertentu, Dede menegaskan bahwa hal tersebut harus dijawab melalui proses penyelidikan yang transparan dan profesional oleh aparat penegak hukum. ""Negara harus hadir, terutama ketika yang menjadi korban adalah anak dan penyandang disabilitas. Penegakan hukum tidak boleh tumpul ke atas dan tajam ke bawah,"" pungkas Dede.",Info Politik,https://www.cnnindonesia.com/nasional/20260302195309-633-1333556/dede-indra-permana-desak-aparat-usut-kekerasan-seksual-abk-di-toba
